path,label
data/docs/ExportedBOLInv_1757090202878.pdf,Bill of Lading Invoice
data/docs/ExportedBOLInv_1757090208722.pdf,Bill of Lading Invoice
data/docs/ExportedBOLs_1757090189963.pdf,Bill of Lading
data/docs/ExportedBOLs_1757090196554.pdf,Bill of Lading
data/docs/ExportedBOLs_1757090199577.pdf,Bill of Lading
data/docs/ExportedBOLs_1757090205591.pdf,Bill of Lading
data/docs/ExportedBOLs_1757090212567.pdf,Bill of Lading
data/docs/test_bol2.png,Bill of Lading
data/docs/520601_202505271852063565.PDF,Bill of Lading Invoice
data/docs/58510_202505151718007562.PDF,Bill of Lading Invoice
data/docs/58547_202505071631312594.PDF,Bill of Lading Invoice
data/docs/58553_202505151717401467.PDF,Bill of Lading Invoice
data/docs/58559_202505271853051537.PDF,Bill of Lading Invoice
data/docs/58572_202506091730502161.PDF,Bill of Lading Invoice
data/docs/58573_202506091741184355.PDF,Bill of Lading Invoice
data/docs/ExportedBOLs_1772045835308.pdf,Bill of Lading
data/docs/ExportedBOLs_1772045850852.pdf,Bill of Lading
data/docs/ExportedBOLs_1772045853635.pdf,Bill of Lading
data/docs/ExportedBOLs_1772045857423.pdf,Bill of Lading
data/docs/ExportedBOLs_1772045864299.pdf,Bill of Lading
data/docs/ExportedBOLs_1772045871067.pdf,Bill of Lading
data/docs/ExportedBOLs_1772045880214.pdf,Bill of Lading
data/docs/ExportedBOLs_1772045886169.pdf,Bill of Lading
data/docs/ExportedBOLs_1772045892715.pdf,Bill of Lading
data/docs/ExportedBOLs_1772045898832.pdf,Bill of Lading
data/docs/ExportedBOLs_1772045903867.pdf,Bill of Lading
data/docs/ExportedBOLs_1772045908378.pdf,Bill of Lading
data/docs/ExportedBOLs_1772046079131.pdf,Bill of Lading
data/docs/ExportedBOLs_1772046086644.pdf,Bill of Lading
data/docs/ExportedBOLs_1772046089587.pdf,Bill of Lading
data/docs/ExportedBOLs_1772046094925.pdf,Bill of Lading
data/docs/ExportedBOLs_1772046099048.pdf,Bill of Lading
data/docs/ExportedBOLs_1772046112447.pdf,Bill of Lading
data/docs/ExportedBOLs_1772046121486.pdf,Bill of Lading
data/docs/ExportedBOLs_1772046135389.pdf,Bill of Lading
data/docs/ExportedBOLs_1772046150556.pdf,Bill of Lading
data/docs/ExportedBOLs_1772046155771.pdf,Bill of Lading
data/docs/ExportedBOLs_1772046159196.pdf,Bill of Lading
data/docs/ExportedBOLs_1772046163870.pdf,Bill of Lading
data/docs/ExportedBOLs_1772046166393.pdf,Bill of Lading
data/docs/ExportedBOLs_1772046170392.pdf,Bill of Lading
data/docs/ExportedBOLs_1772046328848.pdf,Bill of Lading Invoice
data/docs/ExportedBOLs_1772046341855.pdf,Bill of Lading Invoice
data/docs/ExportedBOLs_1772046352040.pdf,Bill of Lading Invoice
data/docs/ExportedBOLs_1772046365731.pdf,Bill of Lading Invoice
data/docs/ExportedBOLs_1772046375130.pdf,Bill of Lading Invoice
data/docs/ExportedBOLs_1772046435104.pdf,Bill of Lading Invoice
data/docs/ExportedBOLs_1772046441082.pdf,Bill of Lading Invoice
data/docs/ExportedBOLs_1772046447165.pdf,Bill of Lading Invoice
data/docs/ExportedBOLs_1772046451983.pdf,Bill of Lading Invoice